Source,Target
EFlop,Stheno
EFlop,hutihati
eck-,ShitstainsIII
Evidence_Of_Absence,tamarockstar
Evidence_Of_Absence,r4pt012
Evidence_Of_Absence,Koitous
Evidence_Of_Absence,Jalkaine
Evidence_Of_Absence,USMC_Warrior
Evidence_Of_Absence,CharlieBuck
Evidence_Of_Absence,LootenantTwiddlederp
Evidence_Of_Absence,ktmrider119z
Evidence_Of_Absence,brandonsmule20
Evidence_Of_Absence,Mudo675
Evidence_Of_Absence,electricheat
Evidence_Of_Absence,jebusv20
Evidence_Of_Absence,thingamarob
Evidence_Of_Absence,iKnitYogurt
Evidence_Of_Absence,thestrugglecontinues
Evidence_Of_Absence,Flashgordon4
qwortz,Drifty_Canadian
stealer0517,mrjalllllla
stealer0517,Sledz
stealer0517,eck-
stealer0517,custardnom
stealer0517,andraflandra
stealer0517,Benjermain
stealer0517,DashingSpecialAgent
xKingJeff,karmapopsicle
Carter127,ArmoredTricycle
Carter127,thingamarob
kdotdash,wickedkinn
kdotdash,Cal1n
gnu_bag,rabidz7
legionn7,PoWn3d_0704
legionn7,TrustMeImALawStudent
The_pedo123,MediocreMango
PoWn3d_0704,aziridine86
PoWn3d_0704,legionn7
PoWn3d_0704,EniReddit
PoWn3d_0704,TrustMeImALawStudent
PoWn3d_0704,jonathan_dfn
Traches,CannedBullet
Iodine131,iKnitYogurt
Iodine131,kuena
Iodine131,simfusa
Iodine131,aHorriblePlayer
Iodine131,rabidz7
stark3d1,dumptruck88
stark3d1,TrentKama
Mr_That_Guy,Orencik
Mr_That_Guy,Holydiver19
Mr_That_Guy,ravenouscraving
Mr_That_Guy,sumthingdarkside
Mr_That_Guy,Chocobubba
Mr_That_Guy,HerderOfNerfs
Jesus-Blew-Me,RagingCain
Jesus-Blew-Me,bodibastos
Jesus-Blew-Me,datnigga108
Jesus-Blew-Me,Fudge01010
Jesus-Blew-Me,thurst0n
Jesus-Blew-Me,Thurokiir
Jesus-Blew-Me,DashingSpecialAgent
USMC_Warrior,Evidence_Of_Absence
Ranaro,PANNIC
GrundleSnatcher,Flerbenderper
GrundleSnatcher,Holydiver19
GrundleSnatcher,Koitous
GrundleSnatcher,jonathan_dfn
lnvincibleVase,Janus67
lnvincibleVase,dimitrikadmin
treyb2323,CPfresh
treyb2323,terp02andrew
treyb2323,jonathan_dfn
finsterdexter,Icecharger
Dave-C,psychodoughboy
Janus67,ChRoNicBuRrItOs
CARDTRICKSTER,hutihati
adog12341,masterjjb
LootenantTwiddlederp,Evidence_Of_Absence
Hittingman,rabidz7
Benbulthuis,Barkerisonfire_
turtleface166,enragedwindows
souldrone,Drifty_Canadian
kellistis,kellistis
kellistis,Dirk_McBuzzkill
kellistis,pcs600
kellistis,iKnitYogurt
kellistis,digamma6767
kellistis,minasmagi
kellistis,radioactivemagic
kellistis,vmak812
mtx_,Captain_K_Cat
felixar90,thingamarob
sblectric,dustin158
sblectric,Mudo675
sblectric,SmarticusRex
sblectric,fatboynotsoslim
sblectric,Orencik
nexusheli,bullet15963
Dewd420,iKnitYogurt
Dewd420,stormbringer89
MrPoletski,imuya
MrPoletski,Koitous
CannedBullet,Traches
RogueWarriorII,bjjcripple
KarateF22,xClow
KarateF22,aziridine86
KarateF22,thurst0n
KarateF22,jonathan_dfn
KarateF22,crest123
morgazmo99,r0hto88
djl654,Doceng
Cousie_G,jericho2291
SmarticusRex,libertine88
SmarticusRex,evansenter
SmarticusRex,Ninja_Harbinger
SmarticusRex,iKnitYogurt
SmarticusRex,scalyfishman
SmarticusRex,sblectric
SmarticusRex,SmarticusRex
SmarticusRex,Captain_K_Cat
xplodingboy07,c3739
Frozennqt,CharlieBuck
Dirk_McBuzzkill,kellistis
L4cer8,Barkerisonfire_
jpcrow,Quakemz
players8,todd_therock
Pyrepenol,THCnebula
r0hto88,D3x-alias
DMZ_Dragon,digamma6767
DMZ_Dragon,Jalkaine
Chocobubba,yjgfikl
Chocobubba,DeathByToothPick
Chocobubba,SoulWager
Chocobubba,rrohbeck
Chocobubba,smbonn
Chocobubba,Mr_That_Guy
Chocobubba,reedmaster16
SendoTarget,dubdubdubdot
SendoTarget,Readmymind
Captain_K_Cat,radioactivemagic
Captain_K_Cat,rabidz7
Captain_K_Cat,Muoxprod
Captain_K_Cat,bodibastos
Captain_K_Cat,SmarticusRex
Captain_K_Cat,DashingSpecialAgent
TheOptical,mexmed
thingamarob,Carter127
thingamarob,digamma6767
thingamarob,radioactivemagic
thingamarob,Neloth
thingamarob,Evidence_Of_Absence
happyloaf,itsabearcannon
ChRoNicBuRrItOs,iKnitYogurt
ChRoNicBuRrItOs,Janus67
Smoking_Moose,Jesse36m3
solrflare,digamma6767
solrflare,terp02andrew
Readmymind,vmak812
catman5,thestrugglecontinues
jonathan_dfn,GrundleSnatcher
jonathan_dfn,KarateF22
jonathan_dfn,Koitous
jonathan_dfn,aziridine86
jonathan_dfn,Snachmo
jonathan_dfn,Flerbenderper
jonathan_dfn,Ottetal
jonathan_dfn,Thurokiir
VoxaAeterna,mrjalllllla
VoxaAeterna,bense
TheEvilLightBulb,bodibastos
Gay-ben,iKnitYogurt
Gay-ben,armoredstarfish
electricheat,iKnitYogurt
electricheat,thegreattaiyou
electricheat,digamma6767
electricheat,terp02andrew
electricheat,Evidence_Of_Absence
Cal1n,kdotdash
Cal1n,life_questions
Cal1n,rabidz7
Cal1n,Jahara
Raemius,GendoSC
Raemius,Xuile
Raemius,xorvious
_pseudonym,nucu2
_pseudonym,ravenouscraving
_pseudonym,norkieman
Thurokiir,itsabearcannon
Thurokiir,radioactivemagic
Thurokiir,jonathan_dfn
life_questions,Cal1n
Icecharger,Fuck_Off_Cancer
jawz,NoobOnTour
Shwingdom,AdvancedWin
fogoticus,psikeiro
fogoticus,danzas4321
DeathByToothPick,Chocobubba
yjgfikl,psikeiro
yjgfikl,Sk8r2K11
yjgfikl,YuuExussum
thelessernut,Legogeek14
xClow,brandonsmule20
YuuExussum,yjgfikl
YuuExussum,RagingCain
hydraur,digamma6767
crest123,KarateF22
karmapopsicle,peaceoutwhat
karmapopsicle,chaquitabanana
karmapopsicle,hashbuhrowns
Jimmacle,digamma6767
Charizard9000,AgentCake
minasmagi,austin713
ABoxOfRocks,daddydicklooker
daddydicklooker,loosh63
daddydicklooker,ABoxOfRocks
Benjermain,stealer0517
c1umsyb3ar,terp02andrew
jshine1337,thehumbleitalian
Qo0u,Jahara
XxDTxX,iKnitYogurt
XxDTxX,Evidence_Of_Absence
XxDTxX,D3x-alias
nogoodones,tamarockstar
nogoodones,terp02andrew
r4pt012,CPfresh
r4pt012,Janus67
r4pt012,Evidence_Of_Absence
Quakemz,jpcrow
hoeding,Shrimplet596
hoeding,rabidz7
Smagjus,imuya
Smagjus,Shrimplet596
Legogeek14,thelessernut
Flerbenderper,GrundleSnatcher
Flerbenderper,libertine88
Flerbenderper,jonathan_dfn
Flerbenderper,tedharr7
Flerbenderper,FSKFitzgerald
Flerbenderper,Cadenas
Karma_Commando,terp02andrew
bense,Ottetal
evansenter,Wutda7
evansenter,ktmrider119z
GiddyNinja,iKnitYogurt
GiddyNinja,rabidz7
Mudo675,ebenwandering
Mudo675,sblectric
Mudo675,digamma6767
ciarank01,rabidz7
Fuck_Off_Cancer,Icecharger
Drifty_Canadian,KarateF22
Drifty_Canadian,todd_therock
Drifty_Canadian,Squandarlo_Bombito
Drifty_Canadian,nihilusthe5
Drifty_Canadian,digamma6767
Drifty_Canadian,qwortz
PNWSGM,rabidz7
mridea314,Charizard9000
mridea314,AgentCake
rukasusan,M4A89TD
THCnebula,imuya
THCnebula,Pyrepenol
THCnebula,DarkStarrFOFF
Orencik,sblectric
Orencik,Mr_That_Guy
todd_therock,Drifty_Canadian
todd_therock,players8
nukacolaguy,CharlieBuck
waxstaff,digamma6767
thehumbleitalian,jshine1337
a__reddit__account,danzas4321
sexierthanhisbrother,brandonsmule20
sexierthanhisbrother,Chocobubba
sexierthanhisbrother,TheAmazingApathyMan
sexierthanhisbrother,dmandan2112
dokid,SmackHisFace
LerithXanatos,mortiis69
TheRacerMaster,thawigga
j-the-magnificent,Traches
j-the-magnificent,sexierthanhisbrother
inflated_waffles,Jahara
PANNIC,Chugman
magnetswithweedinem,Droppinbodies
chaquitabanana,karmapopsicle
chaquitabanana,alf4lyfe
jebusv20,Evidence_Of_Absence
jebusv20,DarkStarrFOFF
hashbuhrowns,karmapopsicle
hashbuhrowns,terp02andrew
smbonn,Chocobubba
smbonn,Bl00dyMurd3r
smbonn,Jesus-Blew-Me
Toast_of_War,Thelaith5
vampyre_tech,eideteker
vampyre_tech,terp02andrew
vampyre_tech,jonathan_dfn
vampyre_tech,Jahara
NoobOnTour,jawz
NoobOnTour,fierymcfist
vmak812,kellistis
vmak812,FSKFitzgerald
vmak812,Readmymind
adman234,Stheno
libertine88,Setriath
libertine88,loosh63
libertine88,terp02andrew
libertine88,Flerbenderper
libertine88,two_tired
libertine88,ss1gohan13
libertine88,niicii77
libertine88,SmarticusRex
libertine88,Mrbman11999
Jimdude101,SmackHisFace
BloodyLlama,karmapopsicle
BloodyLlama,questionable-source
greenlepricon,stealer0517
Skullpuck,psikeiro
eideteker,rabidz7
Bl00dyMurd3r,D3x-alias
vibeknight,BangleWaffle
vibeknight,M4A89TD
Fudge01010,Jesus-Blew-Me
lokeenz,SmarticusRex
CharlieBuck,legoegoman
CharlieBuck,Frozennqt
CharlieBuck,nukacolaguy
CharlieBuck,Evidence_Of_Absence
dumptruck88,stark3d1
CuhrodeLOL,pumpkinbundtcake
CarlosFromPhilly,digamma6767
CarlosFromPhilly,terp02andrew
Snachmo,masterjjb
Snachmo,jonathan_dfn
DannyBlindfire,Dank_Turtle
DyceFreak,iKnitYogurt
Deodutie,Juggy_Brohdletine
neopran,AshenCrow
two_tired,libertine88
two_tired,AdvancedWin
aziridine86,KarateF22
aziridine86,sblectric
Mrbman11999,libertine88
Mrbman11999,two_tired
King_Tryndamere,Sledz
dubdubdubdot,SendoTarget
ravenouscraving,Setriath
ravenouscraving,Mr_That_Guy
ravenouscraving,ApeGrindeR
Cj145,rabidz7
MoronicAcid1,eideteker
yojoe600,libertine88
mortiis69,QQ_L2P
ktm57ktm57,itsabearcannon
Ninja_Harbinger,SmarticusRex
pcs600,Evidence_Of_Absence
psikeiro,Skullpuck
psikeiro,fogoticus
psikeiro,Globalscree
bodibastos,Jesus-Blew-Me
FSKFitzgerald,Flerbenderper
FSKFitzgerald,mmt66
FSKFitzgerald,vmak812
BlackJack10,iKnitYogurt
BlackJack10,TitanRawr
BlackJack10,rabidz7
BlackJack10,nogoodones
Corsair3820,bense
norkieman,_pseudonym
69420swag,jonathan_dfn
niicii77,libertine88
thurst0n,goosebump
thurst0n,Jalkaine
thurst0n,ludespeedny
thurst0n,Jesus-Blew-Me
alf4lyfe,Jmcconn110
alf4lyfe,Sledz
alf4lyfe,j-mt
Jorgisven,MadHatter5045
MajorRalph,smurfsriot
nanogenesis,terp02andrew
nanogenesis,Jorgisven
cml1of4,CPfresh
DarkStarrFOFF,imuya
DarkStarrFOFF,Jimdude101
DarkStarrFOFF,rrohbeck
DarkStarrFOFF,digamma6767
DarkStarrFOFF,nexusheli
DarkStarrFOFF,iKnitYogurt
DarkStarrFOFF,thestrugglecontinues
DarkStarrFOFF,THCnebula
enragedwindows,HerderOfNerfs
enragedwindows,turtleface166
enragedwindows,SamoScopo
Pilot_H,Jesus-Blew-Me
Barkerisonfire_,Benbulthuis
Barkerisonfire_,L4cer8
Barkerisonfire_,terp02andrew
cdesilv1,Iodine131
fierymcfist,Ottetal
fierymcfist,NoobOnTour
ApeGrindeR,r4pt012
ApeGrindeR,sblectric
ApeGrindeR,terp02andrew
imuya,masterjjb
Squandarlo_Bombito,Drifty_Canadian
c3739,xplodingboy07
c3739,SmackHisFace
MediocreMango,The_pedo123
RanaI_Ape,thestrugglecontinues
CPfresh,r4pt012
CPfresh,treyb2323
CPfresh,cml1of4
Jiggaman508,SmarticusRex
Muoxprod,iKnitYogurt
kixofmyg0t,talex95
mrjalllllla,iKnitYogurt
mrjalllllla,Flerbenderper
mrjalllllla,stealer0517
mrjalllllla,rabidz7
Sledz,stealer0517
Sledz,alf4lyfe
BangleWaffle,jpcrow
DryPersonality,teharchangle
DryPersonality,dokid
DryPersonality,Sevion
DryPersonality,SmackHisFace
DryPersonality,raincatchfire
DryPersonality,aust_b
Z4KJ0N3S,fuzzer37
WillWorkForLTC,Legogeek14
loosh63,iKnitYogurt
loosh63,libertine88
Stheno,adman234
Stheno,EFlop
Stheno,hutihati
j-mt,ebenwandering
j-mt,alf4lyfe
ktmrider119z,tamarockstar
ktmrider119z,evansenter
ktmrider119z,Evidence_Of_Absence
funkymonkey1002,SmarticusRex
pharbero,rrohbeck
rrohbeck,Chocobubba
rrohbeck,DarkStarrFOFF
kkjdroid,raincatchfire
kkjdroid,terp02andrew
kkjdroid,Tron22
M4A89TD,rukasusan
dmandan2112,sexierthanhisbrother
dmandan2112,EFlop
sumthingdarkside,BallardBandit
sumthingdarkside,incubated
sumthingdarkside,Mr_That_Guy
ShitstainsIII,eck-
Droppinbodies,EFlop
Droppinbodies,magnetswithweedinem
goosebump,thurst0n
goldzatfig,tamarockstar
goldzatfig,Youknowimtheman
goldzatfig,nRRe
SmackHisFace,dokid
SmackHisFace,Jimdude101
SmackHisFace,DryPersonality
SmackHisFace,c3739
SmackHisFace,digamma6767
Chugman,PANNIC
AKA21,0wlz
Setriath,libertine88
Setriath,ravenouscraving
Setriath,Mediocre_Pilot
legoegoman,CharlieBuck
armoredstarfish,Gay-ben
TitanRawr,BlackJack10
RagingCain,thurst0n
RagingCain,Jesus-Blew-Me
Amerikaner,digamma6767
Shrimplet596,thurst0n
TheGeneral159,infinity526
AgentCake,mridea314
AgentCake,Charizard9000
gutlessVADER,masterjjb
custardnom,andyD1
thegreattaiyou,electricheat
thegreattaiyou,digamma6767
homelesspieceofshit,vampyre_tech
DerplingsUber,scrable
Jahara,Cal1n
Globalscree,psikeiro
io_sym,itsabearcannon
io_sym,SoSpecial
io_sym,Benbulthuis
questionable-source,DragonTamerMCT
nucu2,_pseudonym
smurfsriot,MajorRalph
Holydiver19,Mr_That_Guy
infinity526,TheGeneral159
infinity526,andraflandra
DashingSpecialAgent,Captain_K_Cat
DashingSpecialAgent,stealer0517
DashingSpecialAgent,Sevion
metalfetus,jericho2291
Xuile,Raemius
Koitous,GrundleSnatcher
Koitous,jonathan_dfn
Koitous,MrPoletski
The_boy_who_waited,RogueWarriorII
simfusa,vmak812
AdvancedWin,sexierthanhisbrother
SoulWager,TheRacerMaster
SoulWager,thawigga
SoulWager,Chocobubba
Sevion,dimitrikadmin
Sevion,terp02andrew
Sevion,DashingSpecialAgent
talex95,incubated
talex95,kixofmyg0t
DarkestRye,arikv2
Jmcconn110,GrundleSnatcher
Jmcconn110,ludespeedny
Jmcconn110,alf4lyfe
hwalsh01,jericho2291
digamma6767,DarkStarrFOFF
digamma6767,Amerikaner
digamma6767,kellistis
digamma6767,Mudo675
digamma6767,hydraur
digamma6767,solrflare
digamma6767,brandonsmule20
digamma6767,thegreattaiyou
digamma6767,CarlosFromPhilly
digamma6767,electricheat
digamma6767,rabidz7
digamma6767,DMZ_Dragon
digamma6767,Jimmacle
digamma6767,Drifty_Canadian
digamma6767,SmackHisFace
danzas4321,sexierthanhisbrother
danzas4321,fogoticus
farfigneugan,Smagjus
raincatchfire,kkjdroid
raincatchfire,DryPersonality
raincatchfire,terp02andrew
ludespeedny,Jmcconn110
ludespeedny,thurst0n
ludespeedny,Mr_That_Guy
SamoScopo,Cryophilous
SamoScopo,PatHeist
brandonsmule20,katinacooker
brandonsmule20,Evidence_Of_Absence
brandonsmule20,sexierthanhisbrother
brandonsmule20,rabidz7
brandonsmule20,iKnitYogurt
brandonsmule20,Flerbenderper
brandonsmule20,terp02andrew
mexmed,TheOptical
wickedkinn,kdotdash
X5IMPLEX,iKnitYogurt
X5IMPLEX,thurst0n
Jalkaine,iKnitYogurt
Jalkaine,Evidence_Of_Absence
Jalkaine,DMZ_Dragon
tedharr7,Flerbenderper
austin713,minasmagi
TrustMeImALawStudent,PoWn3d_0704
rabidz7,mrjalllllla
rabidz7,gnu_bag
rabidz7,Cj145
rabidz7,GiddyNinja
rabidz7,Cal1n
rabidz7,iKnitYogurt
rabidz7,thawigga
rabidz7,DoctorWorm_
rabidz7,eideteker
rabidz7,faceman2k12
rabidz7,ciarank01
rabidz7,BlackJack10
rabidz7,Cadenas
rabidz7,roine1985
rabidz7,brandonsmule20
rabidz7,psychodoughboy
Razorsythe,kellistis
DoctorWorm_,thawigga
masterjjb,adog12341
masterjjb,gutlessVADER
masterjjb,Snachmo
withoutapaddle,YuuExussum
iDurr,Mudo675
ss1gohan13,libertine88
datnigga108,iKnitYogurt
datnigga108,iZombie444
JooZt,mmt66
vnmice,iKnitYogurt
vnmice,rabidz7
AshenCrow,neopran
0wlz,terp02andrew
0wlz,AKA21
thawigga,DoctorWorm_
thawigga,rabidz7
peaceoutwhat,karmapopsicle
augustuscaesarsalad,iKnitYogurt
augustuscaesarsalad,terp02andrew
tamarockstar,nogoodones
Cadenas,Flerbenderper
Cadenas,rabidz7
ss0889,Lolshtz
jericho2291,metalfetus
jericho2291,iKnitYogurt
jericho2291,Cousie_G
imbetter911,ss1gohan13
hutihati,CARDTRICKSTER
hutihati,Stheno
roine1985,rabidz7
terp02andrew,ApeGrindeR
terp02andrew,augustuscaesarsalad
terp02andrew,treyb2323
terp02andrew,yojoe600
terp02andrew,Karma_Commando
terp02andrew,Barkerisonfire_
terp02andrew,solrflare
terp02andrew,hashbuhrowns
terp02andrew,electricheat
terp02andrew,0wlz
terp02andrew,c1umsyb3ar
terp02andrew,raincatchfire
terp02andrew,Super_Six
terp02andrew,thestrugglecontinues
terp02andrew,nogoodones
dimitrikadmin,lnvincibleVase
dimitrikadmin,Cj145
dimitrikadmin,Sevion
dimitrikadmin,rabidz7
andraflandra,thurst0n
andraflandra,infinity526
Mediocre_Pilot,Setriath
Ottetal,iKnitYogurt
Ottetal,ravenouscraving
Ottetal,fierymcfist
Ottetal,psikeiro
Ottetal,bense
Ottetal,jonathan_dfn
Ottetal,PatHeist
mozarest,Captain_K_Cat
PatHeist,itsabearcannon
PatHeist,Readmymind
PatHeist,ArmoredTricycle
PatHeist,Ottetal
PatHeist,SamoScopo
iZombie444,datnigga108
Wutda7,evansenter
stormbringer89,iKnitYogurt
stormbringer89,Dewd420
TheAmazingApathyMan,sexierthanhisbrother
TheAmazingApathyMan,uppsings
SoSpecial,io_sym
itsabearcannon,ktm57ktm57
itsabearcannon,Thurokiir
itsabearcannon,io_sym
RLutz,yjgfikl
EniReddit,PoWn3d_0704
Flashgordon4,Evidence_Of_Absence
Lolshtz,ss0889
Thelaith5,BangleWaffle
Thelaith5,rabidz7
tanjoodo,Muoxprod
Doceng,dustin158
Doceng,djl654
teharchangle,DryPersonality
ebenwandering,iKnitYogurt
ebenwandering,j-mt
ebenwandering,Mudo675
ebenwandering,SteeezyE
dustin158,sblectric
dustin158,Doceng
szaleniec,cdesilv1
incubated,talex95
incubated,sumthingdarkside
ArmoredTricycle,Carter127
ArmoredTricycle,SmackHisFace
ArmoredTricycle,Readmymind
ArmoredTricycle,burnout915
ArmoredTricycle,PatHeist
HerderOfNerfs,enragedwindows
HerderOfNerfs,Mr_That_Guy
seab4ss,hoeding
Shitty_Human_Being,karmapopsicle
Shitty_Human_Being,chaquitabanana
radioactivemagic,kellistis
radioactivemagic,jonathan_dfn
radioactivemagic,iKnitYogurt
radioactivemagic,Captain_K_Cat
radioactivemagic,Thurokiir
radioactivemagic,thingamarob
iKnitYogurt,mrjalllllla
iKnitYogurt,Muoxprod
iKnitYogurt,stormbringer89
iKnitYogurt,X5IMPLEX
iKnitYogurt,Jalkaine
iKnitYogurt,kellistis
iKnitYogurt,ktm57ktm57
iKnitYogurt,DyceFreak
iKnitYogurt,bullet15963
iKnitYogurt,brandonsmule20
iKnitYogurt,vnmice
iKnitYogurt,BlackJack10
iKnitYogurt,GiddyNinja
iKnitYogurt,Villicus
iKnitYogurt,CPfresh
iKnitYogurt,sblectric
iKnitYogurt,ChRoNicBuRrItOs
iKnitYogurt,SmarticusRex
iKnitYogurt,Dewd420
iKnitYogurt,XxDTxX
iKnitYogurt,thurst0n
thestrugglecontinues,DryPersonality
thestrugglecontinues,eck-
thestrugglecontinues,Evidence_Of_Absence
thestrugglecontinues,DarkStarrFOFF
thestrugglecontinues,j-mt
thestrugglecontinues,terp02andrew
thestrugglecontinues,rabidz7
arikv2,DarkestRye
